id,name,capacity,lat,lon,address1,address2,address3,address4
SA100-0002,臺北市立螢橋國民中學,267,25.016335,121.530379,臺北市,中正區,林興里,汀州路三段四號
SA100-0003,臺北市立大學附設實驗國民小學,973,25.040125,121.516422,臺北市,中正區,黎明里,公園路29號
SA100-0004,臺北市立弘道國民中學,733,25.041697,121.516246,臺北市,中正區,建國里,公園路21號
SA100-0005,二二八和平公園,5424,25.041076,121.514937,臺北市,中正區,黎明里,凱達格蘭大道3號
SA100-0006,臺北市中正運動中心,483,25.038166,121.521832,臺北市,中正區,東門里,信義路一段1號
SA100-0007,臺北市立中正國民中學,1605,25.031985,121.521852,臺北市,中正區,新營里,愛國東路158號
SA100-0008,臺北市立第一女子高級中學,1452,25.03881,121.51312,臺北市,中正區,建國里,重慶南路一段165號
SA100-0009,臺北市立古亭國民中學,385,25.021882,121.505504,臺北市,中正區,永功里,中華路二段465號
SA100-0010,臺北市立成功高級中學,2514,25.042358,121.524673,臺北市,中正區,幸福里,濟南路一段71號
SA100-0011,臺北市中正區忠孝國民小學,313,25.03165,121.522,臺北市,中正區,梅花里,忠孝東路二段101號
SA100-0012,臺北市中正區東門國民小學,1557,25.0289,121.51875,臺北市,中正區,東門里,仁愛路一段2-4號
SA100-0013,臺北市中正區河堤國民小學,360,25.03515,121.52025,臺北市,中正區,河堤里,汀州路二段180號
SA100-0014,臺北市中正區南門國民小學,440,25.03965,121.516,臺北市,中正區,南門里,廣州街6號
SA100-0015,臺北市立南門國民中學,1671,25.0259,121.50725,臺北市,中正區,南門里,廣州街6號
SA100-0016,臺北市立建國高級中學,2804,25.0229,121.51475,臺北市,中正區,龍光里,南海路56號
SA100-0017,臺北市國語實驗國民小學,460,25.02565,121.51775,臺北市,中正區,龍光里,南海路58號
SA100-0018,臺北市中正區螢橋國民小學,491,25.03515,121.51675,臺北市,中正區,螢雪里,詔安街29號
SA100-0019,中正紀念堂站,1974,25.0234,121.521,臺北市,中正區,龍福里,羅斯福路1段8之1號B1
SA100-0020,古亭站,1828,25.02765,121.5255,臺北市,中正區,頂東里,羅斯福路2段164之1號B1
SA100-0021,台大醫院站,1044,25.03815,121.51425,臺北市,中正區,黎明里,公園路52號B1
SA100-0022,臺北市市場處光華數位新天地商場地下停車場,375,25.02365,121.50675,臺北市,中正區,梅花里,市民大道三段8號
SA100-0023,西門站,2974,25.0354,121.519,臺北市,中正區,建國里,寶慶路32之1號B1
SA100-0024,臺北市忠義實驗國民小學,50,25.0249,121.5105,臺北市,中正區,忠勤里,中華路二段307巷17號
SA100-0025,臺北市立圖書館王貫英紀念館,87,25.03715,121.507,臺北市,中正區,頂東里,汀州路二段265號
SA100-0026,臺北市立圖書館城中分館,30,25.0359,121.507,臺北市,中正區,幸市里,濟南路二段46號3樓
SA100-0027,國立臺北商業大學,343,25.0299,121.51075,臺北市,中正區,幸福里,濟南路1段321號
SA100-0028,西門地下街,770,25.0284,121.51725,臺北市,中正區,光復里,中華路一段51-1號B1
SA103-0001,臺北市大同區延平國小,1328,25.07115,121.5125,臺北市,大同區,國慶里,昌吉街97號
"SA103-0002
",臺北市立重慶國民中學,313,25.07721,121.51726,臺北市,大同區,重慶里,敦煌路19號
SA103-0003,臺北市立忠孝國民中學,527,25.06165,121.5215,臺北市,大同區,玉泉里,西寧北路32號
SA103-0004,臺北市立建成國民中學,1082,25.0639,121.5165,臺北市,大同區,建泰里,長安西路37之1號
SA103-0005,玉泉公園,1993,25.06565,121.521,臺北市,大同區,玉泉里,西寜北路28號
SA103-0006,臺北市大同運動中心,314,25.06515,121.523,臺北市,大同區,蓬萊里,大龍街51號
SA103-0007,臺北市大同區大同國民小學(暫停用),960,25.0559,121.5075,臺北市,大同區,蓬萊里,大龍街51號
SA103-0008,臺北市大同區大橋國民小學,2745,25.06442,121.51328,臺北市,大同區,隆和里,重慶北路三段2號
SA103-0009,臺北市大同區大龍國民小學,749,25.0564,121.5165,臺北市,大同區,保安里,哈密街47號
SA103-0010,臺北市大同區太平國民小學,1021,25.06164,121.51143,臺北市,大同區,南芳里,延平北路二段239號
SA103-0011,臺北市大同區日新國民小學,1136,25.0543,121.51784,臺北市,大同區,星明里,太原路151號
SA103-0012,臺北市立民權國民中學,424,25.06165,121.51675,臺北市,大同區,隆和里,重慶北路三段1號
SA103-0013,臺北市大同區永樂國民小學,569,25.05715,121.5165,臺北市,大同區,南芳里,延平北路二段266號
SA103-0014,臺北市立成淵高級中學,3335,25.061483,121.517865,臺北市,大同區,民權里,承德路二段235號
SA103-0015,臺北市大同區明倫高級中學,1145,25.06115,121.5155,臺北市,大同區,重慶里,承德路三段336號
SA103-0016,臺北市大同區蓬萊國民小學,2189,25.05715,121.52125,臺北市,大同區,星明里,寧夏路35號
SA103-0017,臺北市大同區雙蓮國民小學,1325,25.06038,121.51684,臺北市,大同區,民權里,錦西街51號
SA103-0018,臺北市立蘭州國民中學,260,25.0579,121.5085,臺北市,大同區,至聖里,大龍街187巷1號
SA103-0019,大同251號綠地,152,25.06465,121.51775,臺北市,大同區,老師里,環河北路與敦煌路口三角綠地
SA103-0020,建成公園,923,25.05915,121.509,臺北市,大同區,光能里,承德路二段35號旁
SA103-0021,臺北市市場處大龍市場地下停車場,258,25.06015,121.51275,臺北市,大同區,重慶里,重慶北路三段347號
SA103-0022,國慶區活動中心,139,25.06315,121.51475,臺北市,大同區,國慶里,重慶北路3段76號4樓
SA103-0023,臺北市立圖書館大同分館,138,25.05615,121.50925,臺北市,大同區,老師里,重慶北路三段318號
SA103-0024,臺北市立圖書館延平分館,73,25.07065,121.522,臺北市,大同區,延平里,保安街47號
SA103-0025,臺北市立圖書館建成分館,38,25.05708,121.51632,臺北市,大同區,星明里,民生西路198-20號4樓
SA103-0026,臺北轉運站,1125,25.0654,121.52225,臺北市,大同區,建明里,市民大道1段209號
SA103-0027,中山地下街,2887,25.05392,121.5206,臺北市,大同區,民安里,長安西路52-1號B1
SA104-0001,臺北市立新興國民中學,477,25.0689,121.5405,臺北市,中山區,聚葉里,林森北路511號
SA104-0002,臺北市立五常國民中學,697,25.0649,121.5445,臺北市,中山區,下埤里,復興北路430巷1號
SA104-0003,臺北市中山區中山國民小學,1775,25.0549,121.5315,臺北市,中山區,恆安里,民權東路一段69號
SA104-0004,榮星花園公園,3464,25.0594,121.53525,臺北市,中山區,行仁里,民權東路三段1號
SA104-0005,臺北市中山區行政中心大禮堂,84,25.06315,121.527,臺北市,中山區,行政里,松江路367號10樓
SA104-0006,臺北市中山運動中心,453,25.053874,121.521256,臺北市,中山區,民安里,中山北路二段44巷2號
SA104-0007,新生公園棒球場,60,25.05365,121.541,臺北市,中山區,新庄里,新生北路三段105號
SA104-0008,臺北市立大同高級中學,2474,25.0709,121.5415,臺北市,中山區,中央里,長春路167號
SA104-0009,臺北市中山區大佳國民小學,239,25.0574,121.5325,臺北市,中山區,大佳里,濱江街107號
SA104-0010,臺北市立大直高級中學,1309,25.05865,121.5215,臺北市,中山區,劍潭里,北安路420號
SA104-0011,臺北市中山區大直國民小學,1125,25.0634,121.529,臺北市,中山區,大直里,大直街2號
SA104-0013,臺北市中山區中正國民小學,824,25.06465,121.536,臺北市,中山區,力行里,龍江路62號
SA104-0014,臺北市立五常國民小學,816,25.0529,121.534,臺北市,中山區,下埤里,五常街16號
SA104-0015,臺北市中山區北安國民中學,345,25.05415,121.5445,臺北市,中山區,劍潭里,明水路325號
SA104-0016,臺北市中山區永安國民小學,1674,25.0684,121.527,臺北市,中山區,永安里,明水路397巷19弄1號
SA104-0017,臺北市中山區吉林國民小學,792,25.0589,121.536,臺北市,中山區,中原里,長春路116號
SA104-0018,臺北市中山區長安國民小學,448,25.0609,121.5445,臺北市,中山區,興亞里,吉林路15號
SA104-0019,臺北市立長安國民中學,245,25.07065,121.532,臺北市,中山區,興亞里,松江路70巷11號
"SA104-0020
",臺北市中山區長春國民小學,621,25.0669,121.532,臺北市,中山區,中央里,長春路165號
SA104-0021,臺北市中山區濱江國民小學,1124,25.06365,121.52425,臺北市,中山區,金泰里,樂群二路266巷99號
SA104-0022,臺北市濱江實驗國民中學,1377,25.05315,121.52925,臺北市,中山區,金泰里,樂群二路262號
SA104-0023,臺北市中山區懷生國民小學,467,25.07015,121.525,臺北市,中山區,埤頭里,安東街16巷2號
SA104-0025,"下塔悠
(公7)公園",2105,25.0664,121.544,臺北市,中山區,金泰里,"樂群一路旁,基隆河截彎取直範圍內"
SA104-0026,華山公園,1271,25.0584,121.5345,臺北市,中山區,正得、正守里,市民大道二段
SA104-0027,金泰(公8)公園,3500,25.0659,121.53925,臺北市,中山區,金泰里,"樂群一路旁,基隆河截彎取直範圍內"
SA104-0028,明水公園,868,25.0609,121.5215,臺北市,中山區,永安里,北安路538巷1弄1號前
SA104-0042,臺北市立中山女子高級中學,4171,25.0609,121.5295,臺北市,中山區,力行里,長安東路二段141號
SA104-0043,臺北市市場處臺北市民族魚市,950,25.0629,121.529,臺北市,中山區,行孝里,民族東路410巷2弄18、20號
SA104-0044,松江南京站,1963,25.06265,121.5205,臺北市,中山區,中吉里,松江路126號B1
SA104-0045,"花博公園
圓山園區",13517,25.06465,121.52575,臺北市,中山區,圓山里,"玉門街1號.(玉泉街以東,中山北路以西,酒泉街以北)"
SA104-0046,臺北市市場處長春市場地下停車場,200,25.0674,121.52625,臺北市,中山區,龍洲里,長春路299號1樓
SA104-0047,臺北市立美術館,3474,25.0549,121.544,臺北市,中山區,圓山里,中山北路三段181號
SA104-0048,臺北市立圖書館大直分館,30,25.05615,121.53875,臺北市,中山區,大直里,大直街25號3-5樓
SA104-0049,臺北市立圖書館中山分館,46,25.05315,121.529,臺北市,中山區,行政里,松江路367號8樓
SA104-0050,臺北市立圖書館長安分館,37,25.06465,121.54475,臺北市,中山區,民安里,長安西路3號4樓
SA104-0051,臺北市市場處臺北市第二果菜市場,5063,25.06715,121.526,臺北市,中山區,行孝里,民族東路336號
SA104-0052,大同大學,341,25.0614,121.53275,臺北市,中山區,圓山里,中山北路3段40號
SA104-0053,國立臺北大學(暫停用，117年回任),581,25.05515,121.5275,臺北市,中山區,江山里,民生東路3段67號
SA105-0001,臺北市立民生國民中學,529,25.06115,121.56775,臺北市,松山區,新東里,新東街30巷1號
SA105-0002,臺北市松山區三民國民小學,715,25.05765,121.56425,臺北市,松山區,莊敬里,民權東路五段1號
SA105-0003,臺北市立敦化國民中學,2353,25.0659,121.555,臺北市,松山區,中正里,南京東路三段300號
SA105-0004,臺北市松山區民生國民小學,560,25.0679,121.54975,臺北市,松山區,中華里,敦化北路199巷18號
SA105-0005,民權公園,2465,25.05865,121.56625,臺北市,松山區,東榮里,民權東路四段、民權國小附近
SA105-0006,臺北市松山運動中心,30,25.0584,121.5515,臺北市,松山區,中正里,敦化北路1號
SA105-0007,臺北田徑場,281,25.0619,121.564,臺北市,松山區,中正里,敦化北路3號
SA105-0008,臺北體育館,1141,25.0519,121.553,臺北市,松山區,中正里,南京東路四段10號
SA105-0009,臺北市立中山國民中學,880,25.0534,121.55725,臺北市,松山區,民有里,復興北路361巷7號
SA105-0010,臺北市立中崙高級中學,2897,25.0544,121.55075,臺北市,松山區,吉祥里,八德路四段101號
SA105-0036,臺北市立圖書館民生分館,38,25.0519,121.54925,臺北市,松山區,精忠里,敦化北路199巷5號4、5樓
SA105-1011,臺北市立介壽國民中學,1357,25.0594,121.54975,臺北市,松山區,介壽里,延壽街401號
SA105-1012,臺北市松山區民族國民小學,769,25.05565,121.554,臺北市,松山區,精忠里,民生東路四段97巷7號
SA105-1013,臺北市立西松高級中學,962,25.0629,121.5605,臺北市,松山區,鵬程里,健康路325巷7號
SA105-1014,臺北市松山區西松國民小學,595,25.0539,121.55425,臺北市,松山區,東光里,三民路5號
SA105-1015,臺北市松山區松山國民小學,1043,25.0599,121.55075,臺北市,松山區,慈祐里,八德路四段746號
SA105-1016,臺北市松山區健康國民小學,751,25.05865,121.56875,臺北市,松山區,自強里,延壽街168號
SA105-1017,敦化國小,922,25.0514,121.56075,臺北市,松山區,中正里,敦化北路2號
SA105-1018,臺北市松山區民權國民小學,867,25.0589,121.5495,臺北市,松山區,三民里,民權東路四段200號
"SA105-1019
",中正區民活動中心,165,25.0674,121.55075,臺北市,松山區,中正里,長安東路2段229號11樓
SA105-1020,民有區民活動中心,236,25.0669,121.546,臺北市,松山區,民有里,民權東路三段140巷15號4、5樓
SA105-1021,自強區民活動中心,85,25.05515,121.57,臺北市,松山區,自強里,三民路35巷9號
SA105-1022,慈祐區民活動中心,54,25.0654,121.54575,臺北市,松山區,慈祐里,八德路4段568號
SA105-1023,鵬程區民活動中心,161,25.05915,121.55775,臺北市,松山區,鵬程里,健康路399號3樓
SA105-1024,南京復興站,1270,25.0579,121.5665,臺北市,松山區,中正里,南京東路3段253號B1
SA105-1025,臺北市市場處嘟嘟房敦北頂好站停車場,253,25.0674,121.54675,臺北市,松山區,精忠里,敦化北路199巷5號地下1樓
SA105-1026,臺北市立圖書館三民分館,274,25.05665,121.54725,臺北市,松山區,三民里,民生東路五段163-1號5、6樓
SA105-1027,臺北市立圖書館中崙分館,37,25.0564,121.56075,臺北市,松山區,中正里,長安東路二段229號7-10樓
SA105-1029,臺北市立圖書館松山分館(暫停用),搬遷中,25.06065,121.5615,臺北市,松山區,慈祐里,八德路四段688號5-8樓
SA105-1030,臺北市立圖書館啟明分館,80,25.0604,121.55725,臺北市,松山區,中華里,敦化北路155巷76號
SA105-1031,臺北市市場處龍城市場地下停車場,879,25.0624,121.5555,臺北市,松山區,龍田里,光復北路190巷39號
SA105-1032,民生公園,1554,25.05165,121.56425,臺北市,松山區,介壽里,民生東路五段36巷4弄與8弄間.
SA105-1033,臺北小巨蛋,8245,25.06715,121.54725,臺北市,松山區,美仁里,南京東路四段2號
SA106-0001,臺北市民族實驗國中,537,25.01765,121.53375,臺北市,大安區,學府里,羅斯福路四段113巷13號
SA106-0002,臺北市大安區大安國民小學,1257,25.0249,121.536,臺北市,大安區,芳和里,臥龍街129號
SA106-0003,臺北市立龍門國民中學,1168,25.02265,121.5425,臺北市,大安區,龍門里,建國南路二段269號
SA106-0004,臺北市大安區幸安國民小學,640,25.01715,121.53175,臺北市,大安區,民炤里,仁愛路3段22號
SA106-0005,大安森林公園,37949,25.01965,121.55175,臺北市,大安區,龍門里,新生南路二段1號
SA106-0006,臺北市大安運動中心,1032,25.02096,121.54582,臺北市,大安區,臥龍里,辛亥路三段55號
SA106-0007,臺北市立大安高級工業職業學校,2692,25.02565,121.53425,臺北市,大安區,龍圖里,復興南路2段52號
SA106-0008,臺北市立大安國民中學,1410,25.0254,121.54425,臺北市,大安區,龍雲里,大安路二段63號
SA106-0009,臺北市大安區仁愛國民小學,1755,25.03781,121.55231,臺北市,大安區,敦安里,安和路一段60號
SA106-0010,臺北市立仁愛國民中學,912,25.03744,121.55079,臺北市,大安區,敦安里,仁愛路四段130號
SA106-0011,臺北市大安區公館國民小學,488,25.0324,121.5305,臺北市,大安區,學府里,基隆路四段41巷68弄2號
SA106-0012,臺北市大安區古亭國民小學,981,25.03115,121.54375,臺北市,大安區,古風里,羅斯福路三段201號
SA106-0013,臺北市立和平高級中學,180,25.02065,121.53275,臺北市,大安區,芳和里,臥龍街100號
SA106-0014,臺北市芳和實驗中學,323,25.0279,121.5385,臺北市,大安區,芳和里,臥龍街170號
SA106-0015,臺北市大安區金華國民小學,923,25.03252,121.52773,臺北市,大安區,永康里,愛國東路79巷11號
SA106-0016,臺北市立金華國民中學,1630,25.03128,121.53287,臺北市,大安區,福住里,新生南路二段32號
SA106-0017,臺北市大安區建安國民小學,1242,25.02915,121.541,臺北市,大安區,龍雲里,大安路二段99號
SA106-0018,臺北市大安區新生國民小學,516,25.03065,121.55425,臺北市,大安區,龍安里,新生南路二段36號
"SA106-0019
",臺北市大安區銘傳國民小學,460,25.0254,121.532,臺北市,大安區,學府里,羅斯褔路四段21號
SA106-0020,台北市大安區龍安國民小學,1178,25.0289,121.54,臺北市,大安區,龍門里,新生南路三段33號
SA106-0021,臺北市立懷生國民中學,414,25.0284,121.55425,臺北市,大安區,義村里,忠孝東路三段248巷30號
SA106-0022,大安站,969,25.0224,121.54575,臺北市,大安區,龍圖里,信義路3段180號B1
SA106-0023,臺北市市場處安東市場地下停車場,386,25.0329,121.5415,臺北市,大安區,龍陣里,瑞安街75號
SA106-0024,忠孝復興站,1420,25.0294,121.544,臺北市,大安區,光武里,忠孝東路4段47號B1
SA106-0025,忠孝新生站,2803,25.03065,121.53725,臺北市,大安區,民輝里,新生南路1段67號B1
SA106-0026,東門站,1326,25.03015,121.54575,臺北市,大安區,永康里,信義路2段166號B1
SA106-0027,東區地下街,2625,25.04181,121.54752,臺北市,大安區,光武里,大安路一段77號B1
SA106-0028,臺北市市場處嘟嘟房大安全聯站停車場,237,25.03165,121.536,臺北市,大安區,車層里,市民大道4段190號地下一樓
SA106-0029,臺北市市場處榮帝科技全聯大安北師店停車場,76,25.0324,121.54125,臺北市,大安區,富民里,和平東路2段311巷29號地下1樓
SA106-0030,臺北市立圖書館道藩分館,32,25.02215,121.537,臺北市,大安區,臥龍里,辛亥路三段11號3樓
SA106-0031,臺北市立圖書館總館,184,25.02865,121.5385,臺北市,大安區,新龍里,建國南路二段125號
SA106-0032,臺北市市場處錦安市場地下停車場,113,25.02865,121.54425,臺北市,大安區,錦安里,永康街60號
SA106-0033,國立臺北教育大學,402,25.01865,121.532,臺北市,大安區,臥龍里,和平東路2段134號
SA106-0034,國立臺灣師範大學,300,25.033621,121.540455,臺北市,大安區,古莊里,和平東路一段 162 號
SA106-0035,國立臺北科技大學,378,25.02765,121.5435,臺北市,大安區,民輝里,忠孝東路3 段1 號
SA106-0036,淡江大學學校財團法人淡江大學,32,25.03465,121.53175,臺北市,大安區,永康里,金華街 199 巷5 號
SA106-0037,國立臺灣大學,601,25.0249,121.54425,臺北市,大安區,學府里,羅斯福路4 段1 號
SA106-0038,臺北市和平實驗國民小學,7418,25.0274,121.54725,臺北市,大安區,臥龍里,敦南街76巷28號　
SA108-0001,臺北市立龍山國民中學,111,25.0309,121.49525,臺北市,萬華區,富福里,南寧路46號
SA108-0002,臺北市萬華區雙園國民小學,548,25.0379,121.499,臺北市,萬華區,雙園里,莒光路315號
SA108-0003,臺北市萬華區新和國民小學,79,25.03065,121.4955,臺北市,萬華區,新安里,西藏路125巷31號
SA108-0004,青年公園,31449,25.0284,121.49975,臺北市,萬華區,騰雲里,水源路199號
SA108-0005,臺北市萬華運動中心,1079,25.0289,121.49525,臺北市,萬華區,福星里,西寧南路6之1號
SA108-0006,青年公園棒球場,50,25.0419,121.503,臺北市,萬華區,騰雲里,水源路199號
SA108-0007,臺北市立大理高級中學,794,25.03965,121.49825,臺北市,萬華區,綠堤里,長順街２號
SA108-0008,臺北市萬華區大理國民小學,642,25.0289,121.4905,臺北市,萬華區,綠堤里,艋舺大道389號
SA108-0009,臺北市萬華區老松國民小學,707,25.0429,121.50575,臺北市,萬華區,福音里,桂林路64號
SA108-0010,臺北市萬華區西門國民小學,1133,25.0279,121.4875,臺北市,萬華區,西門里,成都路98號
SA108-0011,臺北市萬華區西園國民小學,792,25.02965,121.51025,臺北市,萬華區,日善里,東園街73巷65號
SA108-0012,臺北市立華江高級中學,1358,25.0309,121.51075,臺北市,萬華區,日善里,西藏路213號
SA108-0013,臺北市萬華區華江國民小學,640,25.02915,121.49,臺北市,萬華區,華江里,環河南路二段250巷42弄2號
SA108-0014,臺北市萬華區萬大國民小學,833,25.0299,121.505,臺北市,萬華區,全德里,萬大路346號
SA108-0015,臺北市立萬華國民中學,1594,25.0294,121.50375,臺北市,萬華區,日善里,西藏路201號
SA108-0016,臺北市萬華區福星國民小學,1054,25.03915,121.511,臺北市,萬華區,福星里,中華路一段66號
SA108-0017,臺北市萬華區龍山國民小學,533,25.04115,121.49525,臺北市,萬華區,青山里,和平西路三段235號
SA108-0018,臺北市立雙園國民中學,548,25.0339,121.48875,臺北市,萬華區,和德里,興義街二號
SA108-0019,臺北市市場處臺北市家禽批發市場,1528,25.02765,121.51,臺北市,萬華區,華江里,環河南路二段338號
SA108-0021,臺北市市場處西寧市場地下停車場(115年下半年後暫停用),505,25.04115,121.50775,臺北市,萬華區,福星里,西寧南路4號B1
SA108-0022,臺北市立圖書館西園分館,45,25.03224,121.50167,臺北市,萬華區,頂碩里,興寧街6號3-6樓
SA108-0023,臺北市立圖書館萬華分館,30,25.02789,121.49575,臺北市,萬華區,日善里,東園街19號5-7樓
SA108-0024,臺北市市場處龍山寺地下街,1663,25.0289,121.496,臺北市,萬華區,糖廍里,西園路一段145號B2
SA108-0025,臺北市市場處環南中繼市場停車場,7951,25.0429,121.50275,臺北市,萬華區,綠堤里,環河南路二段338號4樓-5樓
SA108-0026,"臺北市萬華區東園國民小學
",100,25.0354,121.5035,臺北市,萬華區,全德里,東園街195號
SA110-0001,臺北市信義區博愛國民小學,1363,25.0369,121.56275,臺北市,信義區,安康里,松仁路95巷20號
SA110-0002,臺北市信義區吳興國民小學,820,25.04015,121.572,臺北市,信義區,三張里,松仁路226號
SA110-0003,臺北市立信義國民中學,871,25.0394,121.5555,臺北市,信義區,三張里,松仁路158巷1號
SA110-0004,臺北市立興雅國民中學,962,25.0419,121.56825,臺北市,信義區,安康里,松德路168巷15號
SA110-0005,臺北市信義區信義國民小學,735,25.0349,121.5625,臺北市,信義區,景新里,松勤街60號
SA110-0006,松德公園,1340,25.03165,121.56175,臺北市,信義區,安康里,松德路180巷興雅國中東側
SA110-0007,臺北市信義運動中心,362,25.03665,121.556,臺北市,信義區,三張里,松勤路100號
SA110-0008,臺北市信義區三興國民小學,793,25.03115,121.5735,臺北市,信義區,景聯里,基隆路2段99號
SA110-0009,臺北市信義區雙永國民小學,116,25.0324,121.57125,臺北市,信義區,永春里,松山路287巷5號
SA110-0010,臺北市立永吉國民中學,182,25.0359,121.568,臺北市,信義區,四育里,松隆路161號
SA110-0011,臺北市立永春高級中學,867,25.0254,121.566,臺北市,信義區,松隆里,松山路654號
SA110-0012,臺北市信義區雙永國民小學,115,25.0324,121.57125,臺北市,信義區,永春里,松山路287巷5號
SA110-0013,臺北市信義區光復國民小學,984,25.03865,121.55525,臺北市,信義區,興隆里,光復南路271號
SA110-0014,臺北市立松山高級工農職業學校,1108,25.0294,121.5775,臺北市,信義區,廣居里,忠孝東路五段236巷15號
SA110-0015,臺北市立松山高級商業家事職業學校,1506,25.03365,121.57375,臺北市,信義區,松隆里,松山路655號
SA110-0016,臺北市立松山高級中學,2357,25.0414,121.57625,臺北市,信義區,新仁里,基隆路一段156號
SA110-0017,臺北市立瑠公國民中學,690,25.03315,121.57675,臺北市,信義區,中行里,福德街221巷15號
SA110-0018,臺北市信義區福德國民小學,810,25.03815,121.5755,臺北市,信義區,中行里,福德街253號
SA110-0019,臺北市信義區興雅國民小學,805,25.0334,121.55925,臺北市,信義區,雅祥里,基隆路一段83巷9號
SA110-0021,景勤1號公園,942,25.0274,121.561,臺北市,信義區,景勤里,吳興街220巷59弄旁(陸軍保養廠)
SA110-0022,景勤2號公園,1023,25.02715,121.5685,臺北市,信義區,景勤里,信安街、吳興街220巷交口
SA110-0023,三興市場大樓地下停車場,472,25.02565,121.5605,臺北市,信義區,景勤里,吳興街156巷6號B1、B2
SA110-0024,市府轉運站,413,25.02865,121.57525,臺北市,信義區,興雅里,忠孝東路5段6號
SA110-0025,臺北市市場處全聯松山松興店地下二樓停車場,87,25.03065,121.559,臺北市,信義區,興雅里,松隆路36號地下二樓
SA110-0026,臺北市立圖書館六合分館,46,25.0269,121.57325,臺北市,信義區,六合里,松仁路240巷19號3-5樓
SA110-0027,臺北市立圖書館永春分館,72,25.03815,121.56,臺北市,信義區,長春里,松山路294號3-4樓
SA110-0028,臺北大巨蛋體育館,3400,25.04165,121.5585,臺北市,信義區,新仁里,忠孝東路四段515號
SA111-0001,臺北市士林區社子國民小學,2530,25.0844,121.51575,臺北市,士林區,永倫里,延平北路六段308號
SA111-0002,臺北市立至善國民中學,392,25.08365,121.51375,臺北市,士林區,臨溪里,至善路二段360號
SA111-0003,臺北市士林區福林國民小學,168,25.0849,121.529,臺北市,士林區,福志里,福志路75號
SA111-0004,臺北市士林區士林國民小學,1274,25.08865,121.5145,臺北市,士林區,福德里,大東路165號
SA111-0005,臺北市士林區陽明山國民小學,442,25.09715,121.53275,臺北市,士林區,新安里,仰德大道三段61號
SA111-0006,臺北市溪山實驗國民小學,155,25.0944,121.5315,臺北市,士林區,溪山里,至善路三段199號
SA111-0007,士林官邸公園,1930,25.0939,121.533,臺北市,士林區,福林里,福林路60號
SA111-0008,臺北市士林運動中心,641,25.09965,121.52175,臺北市,士林區,福德里,士商路1號
SA111-0009,臺北市市場處士東市場地下停車場,744,25.08865,121.5275,臺北市,士林區,三玉里,士東路100號
SA111-0010,天母棒球場,258,25.0909,121.5345,臺北市,士林區,三玉里,忠誠路二段77號
SA111-0011,臺北市士林區三玉國民小學,208,25.0839,121.53125,臺北市,士林區,三玉里,天母東路116號
SA111-0012,臺北市士林區士東國民小學,958,25.09015,121.52125,臺北市,士林區,天祿里,中山北路六段392號
SA111-0013,臺北市立士林高級商業職業學校,1614,25.0844,121.52125,臺北市,士林區,後港里,士商路150號
SA111-0014,臺北市立士林國民中學,426,25.0929,121.53625,臺北市,士林區,福德里,中正路345號
SA111-0015,臺北市士林區天母國民小學,1050,25.10065,121.52675,臺北市,士林區,天玉里,天玉街12號
SA111-0016,臺北市立天母國民中學,1267,25.0969,121.51875,臺北市,士林區,三玉里,天母東路120號
SA111-0017,台北市士林區文昌國民小學,631,25.09115,121.516,臺北市,士林區,德華里,文林路615巷20號
SA111-0018,臺北市士林區平等國民小學,142,25.09915,121.5195,臺北市,士林區,平等里,平菁街101號
SA111-0019,臺北市士立百齡高級中學,2166,25.0994,121.526,臺北市,士林區,義信里,承德路四段177號
SA111-0020,臺北市士林區百齡國民小學,802,25.0879,121.524,臺北市,士林區,福中里,福港街205號
"SA111-0021
",臺北市士林區芝山國民小學,903,25.0914,121.51325,臺北市,士林區,芝山里,德行東路285號
SA111-0022,臺北市士林區雨農國民小學,525,25.0969,121.519,臺北市,士林區,名山里,忠義街1號
SA111-0023,臺北市士林區雨聲國民小學,185,25.09715,121.522,臺北市,士林區,岩山里,至誠路一段62巷70號
SA111-0024,臺北市立格致國民中學,207,25.08515,121.52925,臺北市,士林區,陽明里,仰德大道四段75號
SA111-0025,臺北市士林區富安國民小學,249,25.0929,121.5195,臺北市,士林區,富洲里,延平北路八段135號
SA111-0026,臺北市立陽明高級中學,1754,25.09215,121.5315,臺北市,士林區,後港里,中正路510號
SA111-0027,臺北市士林區葫蘆國民小學,947,25.0959,121.51375,臺北市,士林區,葫蘆里,環河北路三段95號
SA111-0028,臺北市立福安國民中學,260,25.09815,121.5275,臺北市,士林區,福安里,延平北路七段250號
SA111-0029,臺北市士林區劍潭國民小學,468,25.08765,121.5155,臺北市,士林區,明勝里,通河街16號
SA111-0030,臺北市士林區雙溪國民小學小,288,25.0934,121.5175,臺北市,士林區,翠山里,中社路二段66號
SA111-0031,臺北市士林區蘭雅國民小學,227,25.0854,121.5345,臺北市,士林區,蘭興里,磺溪街57號
SA111-0032,臺北市立蘭雅國民中學,1019,25.09665,121.516,臺北市,士林區,三玉里,忠誠路二段51號
SA111-0035,美崙公園,5233,25.0864,121.516,臺北市,士林區,福佳里,美崙街152巷
SA111-0036,前港公園,3136,25.09815,121.5355,臺北市,士林區,前港里,華齡街與前港街交叉口(百齡國小對面)
SA111-0037,福林公園,2284,25.0994,121.51675,臺北市,士林區,福林里,福林路2號(中山北路與福林路交叉口).
SA111-0038,忠誠公園,881,25.0839,121.51625,臺北市,士林區,名山里,中山北路六段與忠誠路一段交叉口
SA111-0039,天和公園,234,25.0994,121.5305,臺北市,士林區,天和里,天母東路69巷前
SA111-0040,社子公園,874,25.0854,121.531,臺北市,士林區,社園里,永平街20巷11弄3號對面
SA111-0041,臺北市市場處士林市場地下停車場,1325,25.1009,121.5135,臺北市,士林區,義信里,基河路101號
SA111-0042,臺北市立圖書館天母分館,107,25.09365,121.52975,臺北市,士林區,天山里,中山北路七段154巷6號3、4樓
SA111-0043,臺北市立圖書館李科永紀念館,559,25.08465,121.5255,臺北市,士林區,福林里,中正路15號
SA111-0044,臺北市立圖書館葫蘆堵分館,358,25.0964,121.52475,臺北市,士林區,福順里,延平北路五段136巷1號3-9樓
SA111-0045,臺北表演藝術中心,2244,25.0909,121.521,臺北市,士林區,義信里,劍潭路1號
SA111-0046,銘傳大學,260,25.09215,121.52375,臺北市,士林區,福林里,中山北路五段250號
SA112-0001,臺北市立新民國民中學,408,25.1239,121.5005,臺北市,北投區,林泉里,新民路10號
SA112-0002,臺北市北投區逸仙國民小學,1420,25.12665,121.5005,臺北市,北投區,中心里,新民路2號
SA112-0003,臺北市立桃源國民中學,555,25.1409,121.509,臺北市,北投區,一德里,中央北路四段48號
SA112-0004,臺北市北投區北投國民小學,1874,25.13665,121.50475,臺北市,北投區,長安里,中央北路一段73號
SA112-0005,復興公園,3623,25.1289,121.4925,臺北市,北投區,中心里,中和街200號
SA112-0006,北投區民活動中心(暫停用),90,25.1234,121.49275,臺北市,北投區,清江里,新市街30號6樓
SA112-0007,臺北市北投運動中心,1066,25.1244,121.49875,臺北市,北投區,吉利里,石牌路一段39巷100號
SA112-0008,臺北市北投區大屯國民小學,109,25.1349,121.51,臺北市,北投區,大屯里,復興三路312號
SA112-0009,臺北市立中正高級中學,1967,25.1234,121.506,臺北市,北投區,建民里,文林北路77號
SA112-0010,臺北市北投區文化國民小學,841,25.13815,121.4995,臺北市,北投區,文化里,文化三路1號
SA112-0011,臺北市北投區文林國民小學,723,25.1379,121.499,臺北市,北投區,建民里,文林北路155號
SA112-0012,臺北市立北投國民中學,802,25.1354,121.50075,臺北市,北投區,溫泉里,溫泉路62號
SA112-0013,臺北市北投區石牌國民小學(暫停用),180,25.13865,121.49625,臺北市,北投區,吉利里,致遠二路80號
SA112-0014,臺北市立石牌國民中學,1847,25.1394,121.51075,臺北市,北投區,吉利里,石牌路一段139號
SA112-0015,臺北市北投區立農國民小學,790,25.13115,121.513,臺北市,北投區,立農里,立農街一段250號
SA112-0016,臺北市北投區明德國民小學,1395,25.13915,121.4905,臺北市,北投區,榮華里,明德路190號
SA112-0017,臺北市立明德國民中學,610,25.1239,121.4925,臺北市,北投區,建民里,明德路50號
SA112-0018,臺北市泉源實驗國民小學,137,25.12915,121.50575,臺北市,北投區,泉源里,東昇路34號
SA112-0019,臺北市北投區桃源國民小學,337,25.12315,121.49225,臺北市,北投區,桃源里,中央北路三段40巷45號
SA112-0020,台北市北投區清江國民小學,727,25.13665,121.493,臺北市,北投區,奇岩里,公館路220號
SA112-0021,臺北市立復興高級中學,1786,25.12315,121.50525,臺北市,北投區,開明里,復興四路70號
SA112-0022,臺北市北投區湖山國民小學,132,25.13665,121.5045,臺北市,北投區,湖山里,湖底路11號
SA112-0023,臺北市湖田實驗國民小學,185,25.12515,121.50325,臺北市,北投區,湖田里,竹子湖路17之2號
SA112-0024,臺北市北投區義方國民小學,737,25.13115,121.5035,臺北市,北投區,泉源里,珠海路155號
SA112-0025,臺北市北投區關渡國民小學,1054,25.1259,121.49675,臺北市,北投區,一德里,中央北路四段581號
SA112-0026,臺北市立關渡國民中學,495,25.13715,121.5005,臺北市,北投區,關渡里,知行路212號
SA112-0027,國防大學復興崗校區(政治作戰學院),584,25.1309,121.509,臺北市,北投區,文化里,中央北路二段70號
SA112-0028,北投一公園,3015,25.13615,121.5105,臺北市,北投區,中心、林泉、長安、溫泉里,中山路、光明路所圍範圍
SA112-0029,北投二公園,1083,25.1364,121.4885,臺北市,北投區,中心、林泉里,中山路5號附近
SA112-0030,大豐公園(暫停用),1075,25.12615,121.4985,臺北市,北投區,清江、溫泉里,公館路13號旁
SA112-0031,七星公園,1046,25.12815,121.50825,臺北市,北投區,長安里,光明路、中山路交叉口(新北投捷運站南側)
SA112-0032,石牌公園,2047,25.13015,121.49525,臺北市,北投區,吉利、尊賢里,石牌路1段39巷內
SA112-0033,立農公園,1547,25.1354,121.50075,臺北市,北投區,立農里,承德路7段、立農街1段22巷2弄旁
SA112-0034,振興公園,950,25.13715,121.492,臺北市,北投區,榮華里,天母西路、磺溪交叉口
SA112-0035,文化區民活動中心(暫停用),57,25.1254,121.497,臺北市,北投區,文化里,文化三路3號4、5樓
SA112-0036,臺北市立圖書館北投分館,131,25.13915,121.49925,臺北市,北投區,溫泉里,光明路251號
SA112-0037,臺北市立圖書館石牌分館,197,25.1369,121.502,臺北市,北投區,榮華里,明德路208巷5號3-10樓
SA112-0038,臺北市立圖書館吉利分館,45,25.1234,121.5115,臺北市,北投區,立農里,立農街一段366號5-8樓
SA112-0039,臺北市立圖書館清江分館,175,25.1259,121.5075,臺北市,北投區,奇岩里,公館路198號3樓
SA112-0040,臺北市立圖書館稻香分館,134,25.13965,121.51075,臺北市,北投區,稻香里,稻香路81號7-9樓
SA112-0041,國立陽明交通大學,140,25.12965,121.49925,臺北市,北投區,東華里,立農街2段155號
SA112-0042,馬偕學校財團法人馬偕醫護管理專科學校(暫停用),324,25.1284,121.4965,臺北市,北投區,關渡里,聖景路 92 號
SA112-0043,城市學校財團法人臺北城市科技大學,350,25.12415,121.4995,臺北市,北投區,一德里,學園路2 號
SA114-0001,臺北市內湖區麗山國民小學,2070,25.07365,121.5855,臺北市,內湖區,麗山里,港華街100號
SA114-0002,臺北市內湖區碧湖國民小學,850,25.07615,121.58375,臺北市,內湖區,內湖里,金龍路100號
SA114-0003,臺北市內湖區麗湖國民小學,2200,25.07415,121.5925,臺北市,內湖區,金湖里,金湖路363巷8號
SA114-0004,臺北市內湖區大湖國民小學,1325,25.06115,121.595,臺北市,內湖區,大湖里,大湖山莊街170號
SA114-0005,臺北市內湖區康寧國民小學,1050,25.0654,121.5895,臺北市,內湖區,清白里,星雲街121號
SA114-0006,大湖公園,2437,25.0694,121.585,臺北市,內湖區,秀湖里,成功路五段31號旁
SA114-0007,內湖區行政大樓,170,25.0749,121.5825,臺北市,內湖區,湖興里,民權東路6段99號8樓
SA114-0008,臺北市內湖運動中心,702,25.0704,121.60225,臺北市,內湖區,港墘里,洲子街12號
SA114-0009,臺北市立內湖高級中學,1350,25.079234,121.587823,臺北市,內湖區,紫陽里,文德路218號
SA114-0010,臺北市內湖區內湖國民小學,1199,25.0659,121.58375,臺北市,內湖區,港富里,內湖路二段41號
SA114-0011,臺北市立內湖高級工業職業學校,2035,25.0674,121.59825,臺北市,內湖區,港墘里,內湖路一段520號
SA114-0012,臺北市立明湖國民中學,1567,25.0709,121.59125,臺北市,內湖區,葫洲里,康寧路三段60號
SA114-0013,臺北市立三民國民中學,964,25.0599,121.595,臺北市,內湖區,湖興里,民權東路六段45號
SA114-0014,臺北市立東湖國民中學,1233,25.07065,121.599,臺北市,內湖區,樂康里,康樂街131號
SA114-0015,臺北市內湖區東湖國民小學,1726,25.06765,121.597,臺北市,內湖區,東湖里,東湖路115號
SA114-0016,臺北市內湖區文湖國民小學,564,25.0729,121.58175,臺北市,內湖區,西康里,文湖街15號
SA114-0017,臺北市內湖區西湖國民小學,591,25.0624,121.60225,臺北市,內湖區,西湖里,環山路一段25號
SA114-0018,臺北市西湖實驗國民中學,336,25.0719,121.59925,臺北市,內湖區,西湖里,環山路一段27號
SA114-0019,臺北市立內湖國民中學,1407,25.0749,121.60075,臺北市,內湖區,紫陽里,陽光街1號
SA114-0020,臺北市內湖區明湖國民小學,1812,25.07215,121.58225,臺北市,內湖區,明湖里,康寧路三段105號
SA114-0021,臺北市內湖區南湖高級中學,1050,25.07515,121.6,臺北市,內湖區,南湖里,康寧路三段220號
SA114-0022,臺北市內湖區南湖國民小學,1542,25.0779,121.5835,臺北市,內湖區,南湖里,康寧路三段200號
SA114-0023,臺北市內湖區新湖國民小學,989,25.06015,121.59575,臺北市,內湖區,湖興里,民權東路六段138號
SA114-0024,臺北市內湖區潭美國民小學,1054,25.06215,121.60175,臺北市,內湖區,週美里,行善路179號
SA114-0025,臺北市立麗山高級中學,912,25.07715,121.578,臺北市,內湖區,港華里,環山路二段100號
SA114-0026,臺北市立麗山國民中學,1186,25.07215,121.59375,臺北市,內湖區,港都里,內湖路一段629巷42號
SA114-0027,碧湖公園,552,25.06915,121.589,臺北市,內湖區,湖濱里,"內湖路二段175號,國立台灣戲曲學院旁."
SA114-0028,臺北市市場處臺北市花卉批發市場,756,25.0709,121.58175,臺北市,內湖區,湖元里,新湖三路28號
SA114-0029,臺北市市場處西湖市場停車場,3962,25.07465,121.58825,臺北市,內湖區,西湖里,內湖路1段285號
SA114-0030,西湖區民活動中心,132,25.0634,121.5845,臺北市,內湖區,西湖里,內湖路1段285號7樓
SA114-0031,港華區民活動中心,36,25.0674,121.59575,臺北市,內湖區,港華里,環山路二段68巷14號
SA114-0032,港墘區民活動中心,33,25.0644,121.5965,臺北市,內湖區,港墘里,內湖路一段552號
SA114-0033,湖興區民活動中心,82,25.07465,121.60075,臺北市,內湖區,湖興里,成功路二段320巷19號3樓
SA114-0034,臺北市立圖書館內湖分館,47,25.07465,121.583,臺北市,內湖區,湖興里,民權東路六段99號6樓
SA114-0035,臺北市立圖書館西中分館,68,25.06015,121.5995,臺北市,內湖區,西湖里,內湖路1段285巷66號1-2樓
SA114-0036,臺北市立圖書館西湖分館,104,25.0734,121.59775,臺北市,內湖區,港墘里,內湖路一段594號
SA114-0037,臺北市立圖書館東湖分館,358,25.0779,121.58225,臺北市,內湖區,五分里,臺北市內湖區五分街6號
SA114-0038,樂康區民活動中心,100,25.06815,121.58125,臺北市,內湖區,樂康里,康樂街150號6樓之一
SA115-0001,臺北市南港區舊莊國民小學,518,25.0509,121.5965,臺北市,南港區,舊莊里,舊莊街一段100號
SA115-0002,臺北市立育成高級中學,5631,25.05115,121.602,臺北市,南港區,南港里,重陽路366號
SA115-0003,臺北市立南港高級中學,2109,25.05365,121.609,臺北市,南港區,西新里,向陽路21號
SA115-0004,臺北市南港區成德國民小學,702,25.0419,121.59975,臺北市,南港區,聯成里,東新街65號
SA115-0005,臺北市立成德國民中學,271,25.05765,121.607,臺北市,南港區,成福里,東新街108巷23號
SA115-0006,南港公園,8655,25.0529,121.60275,臺北市,南港區,成福里,東新街170-1號
SA115-0007,臺北市南港運動中心,633,25.0584,121.59825,臺北市,南港區,合成里,玉成街69號
SA115-0008,臺北市極限運動訓練中心,60,25.05915,121.5935,臺北市,南港區,中南里,忠孝東路七段382號
SA115-0009,臺北市南港區玉成國民小學,37,25.0459,121.60775,臺北市,南港區,西新里,向陽路31號
SA115-0010,臺北市南港區東新國民小學,340,25.05415,121.603,臺北市,南港區,東新里,興南街62號
SA115-0011,臺北市立南港高級工業職業學校,1816,25.0524,121.61125,臺北市,南港區,南港里,興中路29號
SA115-0012,臺北市南港區南港國民小學,1583,25.05065,121.597,臺北市,南港區,三重里,惠民街67號
SA115-0013,臺北市南港區胡適國民小學,2159,25.0464,121.597,臺北市,南港區,中研里,舊莊街一段1號
SA115-0014,臺北市立誠正國民中學,614,25.04815,121.60775,臺北市,南港區,新富里,富康街1巷24號
SA115-0015,臺北市南港區修德國民小學,768,25.04573,121.58964,臺北市,南港區,成福里,東新街118巷86號
SA115-0016,玉成公園,3523,25.04515,121.6115,臺北市,南港區,鴻福里,中坡南路55號
SA115-0017,"臺北市市場處中研市場地下停車場
",100,25.0564,121.596,臺北市,南港區,中研里,研究院路二段70巷12號
SA115-0018,南港展覽館站,1091,25.05815,121.59475,臺北市,南港區,新富里,研究院路1段1號B1
SA115-0019,南港轉運站西站,269,25.05915,121.6175,臺北市,南港區,中南里,忠孝東路7段359號
SA115-0020,臺北市立圖書館南港分館,129,25.0494,121.59975,臺北市,南港區,南港里,南港路一段350號
SA115-0021,臺北市立圖書館舊莊分館,107,25.0484,121.60525,臺北市,南港區,舊莊里,舊莊街一段91巷11號2-5樓
SA115-0022,臺北流行音樂中心,427,25.04765,121.59375,臺北市,南港區,東明里,市民大道八段99號
SA116-0001,臺北市立景興國民中學,1130,24.99315,121.58,臺北市,文山區,景華里,景興路46巷2號
SA116-0002,臺北市文山區萬興國民小學,788,24.99059,121.57661,臺北市,文山區,萬興里,秀明路二段114號
SA116-0003,臺北市文山區景興國民小學,1310,24.98515,121.56375,臺北市,文山區,興安里,景華街150巷21號
SA116-0004,景華公園,1347,24.9849,121.561,臺北市,文山區,景華里,景興路與景華街交义口
SA116-0005,行政中心大禮堂,60,24.99865,121.56925,臺北市,文山區,木新里,木柵路三段220號10樓
SA116-0006,臺北市文山運動中心,801,24.9954,121.58125,臺北市,文山區,興得里,興隆路三段222號
SA116-0007,臺北市文山區力行國民小學,958,24.99165,121.567,臺北市,文山區,樟腳里,木新路三段155巷7號
SA116-0008,臺北市立木柵高級工業職業學校,1894,24.9944,121.57775,臺北市,文山區,博嘉里,木柵路四段77號
SA116-0009,臺北市文山區木柵國民小學,592,24.9979,121.58025,臺北市,文山區,木柵里,木柵路三段191號
SA116-0010,臺北市立木柵國民中學,322,24.9894,121.57,臺北市,文山區,木柵里,木柵路三段102巷12號
SA116-0011,臺北市立北政國民中學,394,24.98474,121.57795,臺北市,文山區,指南里,指南路三段2巷14號
SA116-0012,臺北市文山區永建國民小學,896,24.98415,121.57675,臺北市,文山區,華興里,木柵路一段311巷1號
SA116-0013,臺北巿文山區志清國民小學,492,24.98415,121.572,臺北市,文山區,景仁里,景福街21巷5號
SA116-0014,臺北巿文山區辛亥國民小學,310,24.99715,121.57975,臺北市,文山區,興昌里,辛亥路四段103號
SA116-0015,臺北巿文山區明道國民小學,1040,24.9869,121.565,臺北市,文山區,明義里,木柵路二段138巷61號
SA116-0016,臺北市文山區武功國民小學,671,24.9954,121.573,臺北市,文山區,萬祥里,興隆路一段68號
SA116-0017,臺北市指南實驗國民小學,138,24.99215,121.56875,臺北市,文山區,指南里,指南路三段38巷5-2號
SA116-0018,臺北市博嘉實驗國民小學,251,24.9839,121.561,臺北市,文山區,博嘉里,木柵路四段159巷14-1號
SA116-0019,臺北市立景美女子高級中學,1961,24.9864,121.57425,臺北市,文山區,樟文里,木新路三段312號
SA116-0020,臺北市文山區景美國民小學,355,24.9824,121.5715,臺北市,文山區,景行里,景文街108號
SA116-0021,臺北市立景美國民中學,1004,24.9864,121.56825,臺北市,文山區,景華里,景中街27號
SA116-0022,臺北市文山區溪口國民小學,620,24.9819,121.5605,臺北市,文山區,景慶里,景福街225號
SA116-0023,臺北市立萬芳高級中學,2414,25.00084,121.5589,臺北市,文山區,興光里,興隆路三段115巷1號
SA116-0024,臺北市文山區萬芳國民小學,746,24.9939,121.5665,臺北市,文山區,萬芳里,萬和街1號
SA116-0025,臺北市立萬福國民小學,450,24.99265,121.56325,臺北市,文山區,萬年里,羅斯福五段170巷32號
SA116-0026,臺北市文山區實踐國民小學,932,24.98343,121.55727,臺北市,文山區,樟文里,忠順街一段4號
SA116-0027,臺北市立實踐國民中學,838,24.98388,121.5556,臺北市,文山區,樟林里,辛亥路七段67號
SA116-0028,臺北市文山區興華國民小學,241,24.998432,121.554101,臺北市,文山區,興光里,興隆路三段125巷6號
SA116-0029,臺北市文山區興隆國民小學,739,25.003411,121.543501,臺北市,文山區,興旺里,福興路2號
SA116-0030,臺北市立興福國民中學,395,25.000312,121.543201,臺北市,文山區,興旺里,福興路80號
SA116-0031,臺北市文山區興德國民小學,140,25.004981,121.539821,臺北市,文山區,興邦里,興隆路二段235號
SA116-0032,興隆公園,1290,25.002235,121.541434,臺北市,文山區,興業里,興隆路二段154巷與仙岩路交叉口.
SA116-0033,臺北市市場處木柵市場地下停車場,315,24.988231,121.567821,臺北市,文山區,木新里,保儀路13巷3號
SA116-0034,臺北市市場處木新市場地下停車場,450,24.978211,121.562143,臺北市,文山區,樟文里,木新路三段310巷4號
SA116-0035,木新區民活動中心,156,24.99265,121.57825,臺北市,文山區,樟文里,木新路三段310巷4號2樓、2樓之1
SA116-0036,永建區民活動中心,162,24.99215,121.5685,臺北市,文山區,華興里,木柵路一段177號3樓之1
SA116-0037,忠順區民活動中心,54,24.99715,121.56425,臺北市,文山區,順興里,忠順街2段22號2樓
SA116-0038,景行區民活動中心,49,24.9924,121.54081,臺北市,文山區,景行里,羅斯福路六段393號6~9樓
SA116-0039,萬芳區民活動中心,139,24.9949,121.55975,臺北市,文山區,萬芳里,萬美街一段51號3樓
SA116-0040,萬福區民活動中心,99,24.99815,121.577,臺北市,文山區,萬和里,萬隆街47之12號房屋地下層
SA116-0041,萬興區民活動中心,143,24.99265,121.57325,臺北市,文山區,萬興里,萬壽路27號7樓
SA116-0042,樟新區民活動中心,297,24.98665,121.572,臺北市,文山區,樟新里,一壽街22號9~10樓
SA116-0043,樟腳區民活動中心,160,24.98365,121.562,臺北市,文山區,樟腳里,恆光街45號7F~8F
SA116-0044,興隆區民活動中心,69,24.99015,121.57025,臺北市,文山區,興福里,興隆路二段97號4樓
SA116-0045,博客停車場-政大場,797,24.98515,121.563,臺北市,文山區,萬興里,萬壽路27號地下一至二樓
SA116-0046,臺北市市場處萬和超市地下停車場,183,24.98815,121.56925,臺北市,文山區,萬和里,萬隆街47之12號地下1層
SA116-0047,臺北市立圖書館力行分館,157,24.9969,121.56075,臺北市,文山區,樟新里,一壽街22號5-8樓
SA116-0048,臺北市立圖書館文山分館,145,24.9849,121.575,臺北市,文山區,興業里,興隆路二段160號7-9樓
SA116-0049,臺北市立圖書館木柵分館,118,24.99065,121.55825,臺北市,文山區,木新里,保儀路13巷3號3、4樓
SA116-0050,臺北市立圖書館景美分館,100,24.9939,121.56375,臺北市,文山區,萬年里,羅斯福路五段176巷50號2-4樓
SA116-0051,臺北市立圖書館景新分館,256,24.9989,121.57125,臺北市,文山區,景行里,景後街151號5-10樓
SA116-0052,臺北市立圖書館萬興分館,160,24.9889,121.57638,臺北市,文山區,萬興里,萬壽路27號4-5樓
SA116-0053,臺北市市場處興隆市場地下停車場,439,24.9919,121.5745,臺北市,文山區,興豐里,興隆路二段97號
SA116-0054,興業區民活動中心,220,25.00184,121.55141,臺北市,文山區,興業里,興隆路二段160號10樓
SA116-0055,興豐區民活動中心,64,24.99015,121.5655,臺北市,文山區,興豐里,興隆路二段95巷8號7~9樓
SA116-0056,國立政治大學,2497,24.9844,121.5635,臺北市,文山區,萬興里,指南路2段64號
SA116-0057,世新大學,248,24.98265,121.567,臺北市,文山區,試院里,木柵路1 段 17 巷1 號
,,488210,,,,,,
